# SMF observations as plotted in SAGE26 Paper I, Figure 12.
# Generated by build_paper_observations.py -- do not hand-edit.
label z log_mass log_phi err_lo err_hi
Baldry+08 0.0500 7.06335 -1.27870 0.25877 0.16104
Baldry+08 0.0500 7.16335 -1.28053 0.25658 0.16020
Baldry+08 0.0500 7.26335 -1.08841 0.20188 0.13728
Baldry+08 0.0500 7.36335 -1.17549 0.08913 0.07392
Baldry+08 0.0500 7.46335 -1.07461 0.13498 0.10283
Baldry+08 0.0500 7.56335 -1.07467 0.08871 0.07362
Baldry+08 0.0500 7.66335 -1.09120 0.11565 0.09124
Baldry+08 0.0500 7.76335 -1.10036 0.18270 0.12821
Baldry+08 0.0500 7.86335 -1.21869 0.12622 0.09767
Baldry+08 0.0500 7.96335 -1.22727 0.08413 0.07045
Baldry+08 0.0500 8.06335 -1.23200 0.17008 0.12190
Baldry+08 0.0500 8.16335 -1.29502 0.07987 0.06744
Baldry+08 0.0500 8.26335 -1.31156 0.14460 0.10829
Baldry+08 0.0500 8.36335 -1.41672 0.14028 0.10586
Baldry+08 0.0500 8.46335 -1.46954 0.17075 0.12224
Baldry+08 0.0500 8.56335 -1.56026 0.15124 0.11196
Baldry+08 0.0500 8.66335 -1.64518 0.11327 0.08976
Baldry+08 0.0500 8.76335 -1.66140 0.11978 0.09379
Baldry+08 0.0500 8.86335 -1.69924 0.12460 0.09671
Baldry+08 0.0500 8.96335 -1.76455 0.10742 0.08605
Baldry+08 0.0500 9.06335 -1.79567 0.12328 0.09591
Baldry+08 0.0500 9.16335 -1.86647 0.09378 0.07709
Baldry+08 0.0500 9.26335 -1.89006 0.12656 0.09788
Baldry+08 0.0500 9.36335 -1.93092 0.07490 0.06386
Baldry+08 0.0500 9.46335 -1.98365 0.10027 0.08141
Baldry+08 0.0500 9.56335 -2.01811 0.08614 0.07185
Baldry+08 0.0500 9.66335 -2.05048 0.07867 0.06658
Baldry+08 0.0500 9.76335 -2.07060 0.08736 0.07270
Baldry+08 0.0500 9.86335 -2.10076 0.07653 0.06504
Baldry+08 0.0500 9.96335 -2.11055 0.06924 0.05970
Baldry+08 0.0500 10.06335 -2.13437 0.06074 0.05328
Baldry+08 0.0500 10.16335 -2.15149 0.06499 0.05652
Baldry+08 0.0500 10.26335 -2.16311 0.06407 0.05582
Baldry+08 0.0500 10.36335 -2.18950 0.06405 0.05581
Baldry+08 0.0500 10.46335 -2.20283 0.06307 0.05507
Baldry+08 0.0500 10.56335 -2.25270 0.06098 0.05346
Baldry+08 0.0500 10.66335 -2.31007 0.06802 0.05879
Baldry+08 0.0500 10.76335 -2.35419 0.05896 0.05190
Baldry+08 0.0500 10.86335 -2.44997 0.08270 0.06944
Baldry+08 0.0500 10.96335 -2.62381 0.07482 0.06381
Baldry+08 0.0500 11.06335 -2.76734 0.10743 0.08605
Baldry+08 0.0500 11.16335 -3.00412 0.09502 0.07792
Baldry+08 0.0500 11.26335 -3.25476 0.15456 0.11376
Baldry+08 0.0500 11.36335 -3.59801 0.12693 0.09810
Baldry+08 0.0500 11.46335 -3.95834 0.18891 0.13121
Baldry+08 0.0500 11.56335 -4.38403 0.26948 0.16504
Baldry+08 0.0500 11.66335 -4.89546 0.60310 0.24319
Thorne+21 1.6000 9.77214 -2.58627 0.02522 0.02384
Thorne+21 1.6000 9.79286 -2.54974 0.02446 0.02315
Thorne+21 1.6000 9.81357 -2.53497 0.02362 0.02240
Thorne+21 1.6000 9.83429 -2.62617 0.02614 0.02466
Thorne+21 1.6000 9.85500 -2.57952 0.02482 0.02348
Thorne+21 1.6000 9.87572 -2.58627 0.02522 0.02384
Thorne+21 1.6000 9.89644 -2.64291 0.02720 0.02560
Thorne+21 1.6000 9.91715 -2.61731 0.02560 0.02417
Thorne+21 1.6000 9.93787 -2.63370 0.02661 0.02508
Thorne+21 1.6000 9.95858 -2.61877 0.02569 0.02425
Thorne+21 1.6000 9.97930 -2.67677 0.02769 0.02603
Thorne+21 1.6000 10.00002 -2.74176 0.03024 0.02827
Thorne+21 1.6000 10.02073 -2.62767 0.02624 0.02474
Thorne+21 1.6000 10.04145 -2.69561 0.02896 0.02715
Thorne+21 1.6000 10.06216 -2.75561 0.03126 0.02916
Thorne+21 1.6000 10.08288 -2.70090 0.02933 0.02747
Thorne+21 1.6000 10.10360 -2.68694 0.02837 0.02663
Thorne+21 1.6000 10.12431 -2.73404 0.02969 0.02779
Thorne+21 1.6000 10.14503 -2.77831 0.03072 0.02869
Thorne+21 1.6000 10.16574 -2.72085 0.02877 0.02698
Thorne+21 1.6000 10.18646 -2.71349 0.02827 0.02654
Thorne+21 1.6000 10.20718 -2.80003 0.03236 0.03011
Thorne+21 1.6000 10.22789 -2.77620 0.03057 0.02856
Thorne+21 1.6000 10.24861 -2.78471 0.03119 0.02910
Thorne+21 1.6000 10.26932 -2.73596 0.02983 0.02791
Thorne+21 1.6000 10.29004 -2.78904 0.03152 0.02938
Thorne+21 1.6000 10.31076 -2.81822 0.03380 0.03135
Thorne+21 1.6000 10.33147 -2.81591 0.03361 0.03119
Thorne+21 1.6000 10.35219 -2.80451 0.03270 0.03041
Thorne+21 1.6000 10.37290 -2.81131 0.03324 0.03088
Thorne+21 1.6000 10.39362 -2.82761 0.03200 0.02980
Thorne+21 1.6000 10.41434 -2.86476 0.03498 0.03237
Thorne+21 1.6000 10.43505 -2.84952 0.03372 0.03129
Thorne+21 1.6000 10.45577 -2.81360 0.03342 0.03103
Thorne+21 1.6000 10.47649 -2.89973 0.03500 0.03238
Thorne+21 1.6000 10.49720 -2.86996 0.03542 0.03274
Thorne+21 1.6000 10.51792 -2.86735 0.03520 0.03256
Thorne+21 1.6000 10.53863 -2.86476 0.03498 0.03237
Thorne+21 1.6000 10.55935 -2.86476 0.03498 0.03237
Thorne+21 1.6000 10.58007 -2.85962 0.03455 0.03200
Thorne+21 1.6000 10.60078 -2.93473 0.03806 0.03500
Thorne+21 1.6000 10.62150 -2.92571 0.03725 0.03430
Thorne+21 1.6000 10.64221 -2.93473 0.03806 0.03500
Thorne+21 1.6000 10.66293 -2.87522 0.03587 0.03313
Thorne+21 1.6000 10.68365 -2.96296 0.04074 0.03725
Thorne+21 1.6000 10.70436 -2.98286 0.03902 0.03580
Thorne+21 1.6000 10.72508 -2.97612 0.03840 0.03528
Thorne+21 1.6000 10.74579 -2.91109 0.03596 0.03321
Thorne+21 1.6000 10.76651 -2.97279 0.03809 0.03502
Thorne+21 1.6000 10.78723 -2.91980 0.03672 0.03386
Thorne+21 1.6000 10.80794 -3.03316 0.04407 0.04001
Thorne+21 1.6000 10.82866 -3.00016 0.04069 0.03720
Thorne+21 1.6000 10.84937 -3.01818 0.04250 0.03871
Thorne+21 1.6000 10.87009 -3.05664 0.04220 0.03846
Thorne+21 1.6000 10.89081 -3.09443 0.04625 0.04179
Thorne+21 1.6000 10.91152 -3.08574 0.04528 0.04100
Thorne+21 1.6000 10.93224 -3.06888 0.04347 0.03951
Thorne+21 1.6000 10.95295 -3.14558 0.04686 0.04229
Thorne+21 1.6000 10.97367 -3.13582 0.04576 0.04139
Thorne+21 1.6000 10.99439 -3.16065 0.04861 0.04371
Thorne+21 1.6000 11.01510 -3.18158 0.05115 0.04576
Thorne+21 1.6000 11.03582 -3.29072 0.05898 0.05192
Thorne+21 1.6000 11.05653 -3.18698 0.05183 0.04630
Thorne+21 1.6000 11.07725 -3.19244 0.05253 0.04686
Thorne+21 1.6000 11.09797 -3.41797 0.07004 0.06030
Thorne+21 1.6000 11.11868 -3.36579 0.06152 0.05388
Thorne+21 1.6000 11.13940 -3.43685 0.07343 0.06279
Thorne+21 1.6000 11.16011 -3.42731 0.07169 0.06152
Thorne+21 1.6000 11.18083 -3.38250 0.06412 0.05586
Thorne+21 1.6000 11.20155 -3.52186 0.07684 0.06527
Thorne+21 1.6000 11.22226 -3.45660 0.07717 0.06550
Thorne+21 1.6000 11.24298 -3.53376 0.07918 0.06695
Thorne+21 1.6000 11.26369 -3.52186 0.07684 0.06527
Thorne+21 1.6000 11.28441 -3.64291 0.08543 0.07136
Thorne+21 1.6000 11.30513 -3.67509 0.09275 0.07639
Thorne+21 1.6000 11.32584 -3.62767 0.08219 0.06908
Thorne+21 1.6000 11.34656 -3.62767 0.08219 0.06908
Thorne+21 1.6000 11.36727 -3.72834 0.10646 0.08543
Thorne+21 1.6000 11.38799 -3.94394 0.14613 0.10914
Thorne+21 1.6000 11.40871 -3.94394 0.14613 0.10914
Thorne+21 1.6000 11.42942 -4.13582 0.17609 0.12494
Thorne+21 1.6000 11.45014 -4.18698 0.20412 0.13830
Thorne+21 1.6000 11.47086 -4.31191 0.17609 0.12494
Thorne+21 1.6000 11.49157 -4.01088 0.12494 0.09691
Thorne+21 1.6000 11.51229 -4.31191 0.17609 0.12494
Thorne+21 1.6000 11.53300 -4.61294 0.47712 0.22185
Thorne+21 1.6000 11.55372 -4.78904 0.30103 0.17609
Thorne+21 1.6000 11.57444 -4.61294 0.47712 0.22185
Thorne+21 1.6000 11.59515 -4.31191 0.17609 0.12494
Thorne+21 1.6000 11.61587 -5.09007 1.30103 0.30103
Thorne+21 1.6000 11.63658 -5.09007 1.30103 0.30103
Thorne+21 1.6000 11.65730 -5.09007 1.30103 0.30103
Thorne+21 1.6000 11.67802 -4.78904 0.30103 0.17609
Thorne+21 1.6000 11.69873 -5.09007 1.30103 0.30103
Thorne+21 1.6000 11.71945 -5.09007 1.30103 0.30103
Thorne+21 1.6000 11.74016 -4.48801 0.30103 0.17609
Thorne+21 1.6000 11.76088 -4.48801 0.30103 0.17609
Thorne+21 1.6000 11.80231 -4.61294 0.47712 0.22185
Thorne+21 1.6000 11.82303 -5.09007 1.30103 0.30103
Thorne+21 2.0000 9.95754 -2.83078 0.02516 0.02378
Thorne+21 2.0000 9.97909 -2.77297 0.02327 0.02209
Thorne+21 2.0000 10.00064 -2.78574 0.02399 0.02273
Thorne+21 2.0000 10.02220 -2.79890 0.02474 0.02341
Thorne+21 2.0000 10.04375 -2.79491 0.02451 0.02320
Thorne+21 2.0000 10.06530 -2.82791 0.02499 0.02363
Thorne+21 2.0000 10.08685 -2.79491 0.02451 0.02320
Thorne+21 2.0000 10.10841 -2.83511 0.02542 0.02402
Thorne+21 2.0000 10.12996 -2.79096 0.02428 0.02300
Thorne+21 2.0000 10.15151 -2.86988 0.02761 0.02596
Thorne+21 2.0000 10.17306 -2.82791 0.02499 0.02363
Thorne+21 2.0000 10.19462 -2.83078 0.02516 0.02378
Thorne+21 2.0000 10.21617 -2.90766 0.02837 0.02663
Thorne+21 2.0000 10.23772 -2.92162 0.02933 0.02747
Thorne+21 2.0000 10.25928 -2.90766 0.02837 0.02663
Thorne+21 2.0000 10.28083 -2.90085 0.02792 0.02623
Thorne+21 2.0000 10.30238 -2.88103 0.02663 0.02509
Thorne+21 2.0000 10.32393 -2.91809 0.02908 0.02726
Thorne+21 2.0000 10.34549 -2.90766 0.02837 0.02663
Thorne+21 2.0000 10.36704 -2.94717 0.02916 0.02732
Thorne+21 2.0000 10.38859 -2.93972 0.02865 0.02687
Thorne+21 2.0000 10.41014 -2.96054 0.03010 0.02815
Thorne+21 2.0000 10.43170 -3.01193 0.03168 0.02953
Thorne+21 2.0000 10.45325 -2.99272 0.03026 0.02829
Thorne+21 2.0000 10.47480 -2.99481 0.03041 0.02842
Thorne+21 2.0000 10.49636 -3.01632 0.03202 0.02982
Thorne+21 2.0000 10.51791 -3.02748 0.03288 0.03057
Thorne+21 2.0000 10.53946 -3.07274 0.03393 0.03147
Thorne+21 2.0000 10.56101 -3.10396 0.03656 0.03372
Thorne+21 2.0000 10.58257 -3.05071 0.03218 0.02996
Thorne+21 2.0000 10.60412 -3.06775 0.03352 0.03112
Thorne+21 2.0000 10.62567 -3.04361 0.03418 0.03168
Thorne+21 2.0000 10.64722 -3.14643 0.03725 0.03430
Thorne+21 2.0000 10.66878 -3.03663 0.03361 0.03119
Thorne+21 2.0000 10.69033 -3.18045 0.04043 0.03698
Thorne+21 2.0000 10.71188 -3.11766 0.03476 0.03218
Thorne+21 2.0000 10.73344 -3.14942 0.03752 0.03453
Thorne+21 2.0000 10.75499 -3.18368 0.04074 0.03725
Thorne+21 2.0000 10.77654 -3.17725 0.04012 0.03672
Thorne+21 2.0000 10.79809 -3.17725 0.04012 0.03672
Thorne+21 2.0000 10.81965 -3.22442 0.04104 0.03749
Thorne+21 2.0000 10.84120 -3.26157 0.04490 0.04069
Thorne+21 2.0000 10.86275 -3.25771 0.04448 0.04034
Thorne+21 2.0000 10.88431 -3.32401 0.04725 0.04261
Thorne+21 2.0000 10.90586 -3.28140 0.04261 0.03880
Thorne+21 2.0000 10.92741 -3.33766 0.04885 0.04391
Thorne+21 2.0000 10.94896 -3.25388 0.04407 0.04001
Thorne+21 2.0000 10.97052 -3.36139 0.04630 0.04184
Thorne+21 2.0000 10.99207 -3.43572 0.05552 0.04922
Thorne+21 2.0000 11.01362 -3.39171 0.04985 0.04471
Thorne+21 2.0000 11.03517 -3.40230 0.05115 0.04576
Thorne+21 2.0000 11.05673 -3.46569 0.05271 0.04700
Thorne+21 2.0000 11.07828 -3.44746 0.05041 0.04516
Thorne+21 2.0000 11.09983 -3.62059 0.06695 0.05799
Thorne+21 2.0000 11.12139 -3.57839 0.06030 0.05294
Thorne+21 2.0000 11.14294 -3.56260 0.05799 0.05115
Thorne+21 2.0000 11.16449 -3.67732 0.07717 0.06550
Thorne+21 2.0000 11.18604 -3.63869 0.07004 0.06030
Thorne+21 2.0000 11.20760 -3.54736 0.06446 0.05612
Thorne+21 2.0000 11.22915 -3.74258 0.07684 0.06527
Thorne+21 2.0000 11.25070 -3.76672 0.08167 0.06872
Thorne+21 2.0000 11.27225 -3.87942 0.08894 0.07379
Thorne+21 2.0000 11.29381 -4.00975 0.09691 0.07918
Thorne+21 2.0000 11.31536 -3.91284 0.09691 0.07918
Thorne+21 2.0000 11.33691 -3.84839 0.08219 0.06908
Thorne+21 2.0000 11.35847 -3.91284 0.09691 0.07918
Thorne+21 2.0000 11.38002 -4.13469 0.13470 0.10266
Thorne+21 2.0000 11.40157 -4.16466 0.14613 0.10914
Thorne+21 2.0000 11.42312 -4.40769 0.20412 0.13830
Thorne+21 2.0000 11.44468 -4.16466 0.14613 0.10914
Thorne+21 2.0000 11.46623 -4.10666 0.12494 0.09691
Thorne+21 2.0000 11.48778 -4.13469 0.13470 0.10266
Thorne+21 2.0000 11.50933 -4.23160 0.12494 0.09691
Thorne+21 2.0000 11.53089 -4.70872 0.30103 0.17609
Thorne+21 2.0000 11.55244 -4.70872 0.30103 0.17609
Thorne+21 2.0000 11.57399 -4.31078 0.15490 0.11394
Thorne+21 2.0000 11.59555 -4.61181 0.22185 0.14613
Thorne+21 2.0000 11.61710 -4.40769 0.20412 0.13830
Thorne+21 2.0000 11.63865 -5.31078 1.30103 0.30103
Thorne+21 2.0000 11.66020 -4.70872 0.30103 0.17609
Thorne+21 2.0000 11.68176 -4.83366 0.47712 0.22185
Thorne+21 2.0000 11.70331 -5.00975 0.30103 0.17609
Thorne+21 2.0000 11.72486 -5.31078 1.30103 0.30103
Thorne+21 2.0000 11.74642 -4.83366 0.47712 0.22185
Thorne+21 2.0000 11.76797 -5.31078 1.30103 0.30103
Thorne+21 2.0000 11.78952 -5.31078 1.30103 0.30103
Thorne+21 2.0000 11.81107 -4.83366 0.47712 0.22185
Thorne+21 2.0000 11.83263 -5.00975 0.30103 0.17609
Thorne+21 2.0000 11.91884 -5.31078 1.30103 0.30103
Thorne+21 2.0000 11.96194 -5.31078 1.30103 0.30103
Thorne+21 2.0000 12.04815 -5.31078 1.30103 0.30103
Thorne+21 2.0000 12.09126 -5.31078 1.30103 0.30103
Thorne+21 2.4000 10.07742 -3.07021 0.03182 0.02965
Thorne+21 2.4000 10.10251 -2.96767 0.02890 0.02710
Thorne+21 2.4000 10.12760 -2.91178 0.02705 0.02546
Thorne+21 2.4000 10.15269 -3.00259 0.03141 0.02929
Thorne+21 2.4000 10.17778 -2.97330 0.02929 0.02744
Thorne+21 2.4000 10.20287 -3.02753 0.03103 0.02896
Thorne+21 2.4000 10.22796 -3.04500 0.03236 0.03011
Thorne+21 2.4000 10.25305 -3.04277 0.03218 0.02996
Thorne+21 2.4000 10.27814 -3.05628 0.03324 0.03088
Thorne+21 2.4000 10.30323 -3.10714 0.03476 0.03218
Thorne+21 2.4000 10.32832 -3.10972 0.03498 0.03237
Thorne+21 2.4000 10.35341 -3.08952 0.03333 0.03095
Thorne+21 2.4000 10.37850 -3.15894 0.03621 0.03342
Thorne+21 2.4000 10.40359 -3.21118 0.03749 0.03451
Thorne+21 2.4000 10.42868 -3.17068 0.03725 0.03430
Thorne+21 2.4000 10.45377 -3.16771 0.03698 0.03408
Thorne+21 2.4000 10.47886 -3.15319 0.03572 0.03300
Thorne+21 2.4000 10.50395 -3.23812 0.04001 0.03663
Thorne+21 2.4000 10.52904 -3.24867 0.04104 0.03749
Thorne+21 2.4000 10.55413 -3.33939 0.04625 0.04179
Thorne+21 2.4000 10.57922 -3.26315 0.04250 0.03871
Thorne+21 2.4000 10.60431 -3.33071 0.04528 0.04100
Thorne+21 2.4000 10.62940 -3.36190 0.04885 0.04391
Thorne+21 2.4000 10.65449 -3.34380 0.04674 0.04220
Thorne+21 2.4000 10.67959 -3.40053 0.04801 0.04323
Thorne+21 2.4000 10.70468 -3.33071 0.04528 0.04100
Thorne+21 2.4000 10.72977 -3.42654 0.05115 0.04576
Thorne+21 2.4000 10.75486 -3.36655 0.04940 0.04435
Thorne+21 2.4000 10.77995 -3.47171 0.05041 0.04516
Thorne+21 2.4000 10.80504 -3.52212 0.05704 0.05041
Thorne+21 2.4000 10.83013 -3.45997 0.05552 0.04922
Thorne+21 2.4000 10.85522 -3.52885 0.05799 0.05115
Thorne+21 2.4000 10.88031 -3.61903 0.06279 0.05485
Thorne+21 2.4000 10.90540 -3.50252 0.05436 0.04830
Thorne+21 2.4000 10.93049 -3.61075 0.06152 0.05388
Thorne+21 2.4000 10.95558 -3.62746 0.06412 0.05586
Thorne+21 2.4000 10.98067 -3.71178 0.06695 0.05799
Thorne+21 2.4000 11.00576 -3.75525 0.07463 0.06367
Thorne+21 2.4000 11.03085 -3.63606 0.06550 0.05690
Thorne+21 2.4000 11.05594 -3.71178 0.06695 0.05799
Thorne+21 2.4000 11.08103 -3.90367 0.08894 0.07379
Thorne+21 2.4000 11.10612 -3.79096 0.08167 0.06872
Thorne+21 2.4000 11.13121 -4.05628 0.10266 0.08297
Thorne+21 2.4000 11.15630 -4.05628 0.10266 0.08297
Thorne+21 2.4000 11.18139 -3.99261 0.11197 0.08894
Thorne+21 2.4000 11.20648 -4.22109 0.15970 0.11651
Thorne+21 2.4000 11.23157 -3.97330 0.10646 0.08543
Thorne+21 2.4000 11.25666 -3.95482 0.10146 0.08219
Thorne+21 2.4000 11.28175 -4.18890 0.14613 0.10914
Thorne+21 2.4000 11.30684 -4.29364 0.13830 0.10474
Thorne+21 2.4000 11.33193 -4.33503 0.15490 0.11394
Thorne+21 2.4000 11.35702 -4.29364 0.13830 0.10474
Thorne+21 2.4000 11.38211 -4.38079 0.17609 0.12494
Thorne+21 2.4000 11.40720 -4.43194 0.20412 0.13830
Thorne+21 2.4000 11.43229 -4.55688 0.17609 0.12494
Thorne+21 2.4000 11.45739 -4.38079 0.17609 0.12494
Thorne+21 2.4000 11.48248 -4.33503 0.15490 0.11394
Thorne+21 2.4000 11.50757 -4.85791 0.47712 0.22185
Thorne+21 2.4000 11.53266 -4.63606 0.22185 0.14613
Thorne+21 2.4000 11.55775 -4.73297 0.30103 0.17609
Thorne+21 2.4000 11.58284 -4.63606 0.22185 0.14613
Thorne+21 2.4000 11.60793 -4.85791 0.47712 0.22185
Thorne+21 2.4000 11.68320 -5.03400 0.30103 0.17609
Thorne+21 2.4000 11.70829 -5.33503 1.30103 0.30103
Thorne+21 2.4000 11.75847 -5.33503 1.30103 0.30103
Thorne+21 2.4000 11.78356 -5.03400 0.30103 0.17609
Thorne+21 2.4000 11.83374 -5.03400 0.30103 0.17609
Thorne+21 2.4000 11.85883 -5.33503 1.30103 0.30103
Thorne+21 3.0000 10.21535 -3.20872 0.02958 0.02601
Thorne+21 3.0000 10.24384 -3.08513 0.02490 0.02355
Thorne+21 3.0000 10.27233 -3.18949 0.02826 0.02653
Thorne+21 3.0000 10.30083 -3.19121 0.02837 0.02663
Thorne+21 3.0000 10.32932 -3.19813 0.02884 0.02705
Thorne+21 3.0000 10.35781 -3.32249 0.03380 0.03135
Thorne+21 3.0000 10.38630 -3.22884 0.02903 0.02721
Thorne+21 3.0000 10.41480 -3.30653 0.03253 0.03026
Thorne+21 3.0000 10.44329 -3.29766 0.03185 0.02967
Thorne+21 3.0000 10.47178 -3.33188 0.03200 0.02980
Thorne+21 3.0000 10.50028 -3.34391 0.03294 0.03061
Thorne+21 3.0000 10.52877 -3.37161 0.03520 0.03256
Thorne+21 3.0000 10.55726 -3.44511 0.03863 0.03547
Thorne+21 3.0000 10.58575 -3.47375 0.03779 0.03476
Thorne+21 3.0000 10.61425 -3.51515 0.04175 0.03809
Thorne+21 3.0000 10.64274 -3.57314 0.04347 0.03951
Thorne+21 3.0000 10.67123 -3.60310 0.04674 0.04220
Thorne+21 3.0000 10.69973 -3.60756 0.04725 0.04261
Thorne+21 3.0000 10.72822 -3.65983 0.04801 0.04323
Thorne+21 3.0000 10.75671 -3.71927 0.05552 0.04922
Thorne+21 3.0000 10.78520 -3.73700 0.05115 0.04576
Thorne+21 3.0000 10.81370 -3.73700 0.05115 0.04576
Thorne+21 3.0000 10.84219 -3.83090 0.06446 0.05612
Thorne+21 3.0000 10.87068 -3.80194 0.06000 0.05271
Thorne+21 3.0000 10.89918 -3.99227 0.07058 0.06070
Thorne+21 3.0000 10.92767 -3.90413 0.06695 0.05799
Thorne+21 3.0000 10.95616 -3.98154 0.06872 0.05931
Thorne+21 3.0000 10.98466 -4.02613 0.07684 0.06527
Thorne+21 3.0000 11.01315 -4.07581 0.08715 0.07255
Thorne+21 3.0000 11.04164 -4.11721 0.07918 0.06695
Thorne+21 3.0000 11.07013 -4.27211 0.11810 0.09275
Thorne+21 3.0000 11.09863 -4.23260 0.10646 0.08543
Thorne+21 3.0000 11.12712 -4.41824 0.13470 0.10266
Thorne+21 3.0000 11.15561 -4.33906 0.10914 0.08715
Thorne+21 3.0000 11.18411 -4.55294 0.13830 0.10474
Thorne+21 3.0000 11.21260 -4.36388 0.11651 0.09177
Thorne+21 3.0000 11.24109 -4.64009 0.17609 0.12494
Thorne+21 3.0000 11.26958 -4.41824 0.13470 0.10266
Thorne+21 3.0000 11.29808 -4.55294 0.13830 0.10474
Thorne+21 3.0000 11.32657 -4.69124 0.20412 0.13830
Thorne+21 3.0000 11.35506 -4.81618 0.17609 0.12494
Thorne+21 3.0000 11.38356 -4.33906 0.10914 0.08715
Thorne+21 3.0000 11.41205 -4.89536 0.22185 0.14613
Thorne+21 3.0000 11.44054 -4.81618 0.17609 0.12494
Thorne+21 3.0000 11.46903 -4.89536 0.22185 0.14613
Thorne+21 3.0000 11.49753 -4.99227 0.30103 0.17609
Thorne+21 3.0000 11.52602 -4.74923 0.24304 0.15490
Thorne+21 3.0000 11.55451 -5.59433 1.30103 0.30103
Thorne+21 3.0000 11.58301 -4.99227 0.30103 0.17609
Thorne+21 3.0000 11.61150 -5.11721 0.47712 0.22185
Thorne+21 3.0000 11.63999 -5.59433 1.30103 0.30103
Thorne+21 3.0000 11.66849 -5.11721 0.47712 0.22185
Thorne+21 3.0000 11.69698 -5.59433 1.30103 0.30103
Thorne+21 3.0000 11.72547 -5.29330 0.30103 0.17609
Thorne+21 3.0000 11.78246 -5.59433 1.30103 0.30103
Thorne+21 3.0000 11.83944 -5.59433 1.30103 0.30103
Thorne+21 3.0000 11.89643 -5.29330 0.30103 0.17609
Thorne+21 3.0000 12.03889 -5.59433 1.30103 0.30103
Thorne+21 3.5000 10.29726 -3.58857 0.03779 0.03476
Thorne+21 3.5000 10.35213 -3.41047 0.03111 0.02903
Thorne+21 3.5000 10.40701 -3.48925 0.03237 0.03012
Thorne+21 3.5000 10.46189 -3.50389 0.03352 0.03112
Thorne+21 3.5000 10.51677 -3.65002 0.04001 0.03663
Thorne+21 3.5000 10.57165 -3.65002 0.04001 0.03663
Thorne+21 3.5000 10.62653 -3.80741 0.04742 0.04275
Thorne+21 3.5000 10.68141 -3.86612 0.05474 0.04861
Thorne+21 3.5000 10.73629 -4.08417 0.07169 0.06152
Thorne+21 3.5000 10.79116 -4.07483 0.07004 0.06030
Thorne+21 3.5000 10.84604 -4.22842 0.08715 0.07255
Thorne+21 3.5000 10.90092 -4.46818 0.10266 0.08297
Thorne+21 3.5000 10.95580 -4.49166 0.10914 0.08715
Thorne+21 3.5000 11.01068 -4.46818 0.10266 0.08297
Thorne+21 3.5000 11.06556 -4.63299 0.15970 0.11651
Thorne+21 3.5000 11.12044 -4.74693 0.15490 0.11394
Thorne+21 3.5000 11.17532 -4.79269 0.17609 0.12494
Thorne+21 3.5000 11.23019 -4.84384 0.20412 0.13830
Thorne+21 3.5000 11.28507 -5.04796 0.22185 0.14613
Thorne+21 3.5000 11.33995 -5.74693 1.30103 0.30103
Thorne+21 3.5000 11.39483 -5.44590 0.30103 0.17609
Thorne+21 3.5000 11.44971 -5.74693 1.30103 0.30103
Thorne+21 3.5000 11.55947 -5.74693 1.30103 0.30103
Thorne+21 3.5000 11.61434 -5.14487 0.30103 0.17609
Thorne+21 3.5000 11.72410 -5.74693 1.30103 0.30103
Thorne+21 3.5000 11.83386 -5.74693 1.30103 0.30103
Thorne+21 3.5000 11.94362 -5.74693 1.30103 0.30103
Thorne+21 3.5000 12.27289 -5.74693 1.30103 0.30103
Thorne+21 4.0000 10.36235 -3.93626 0.04885 0.04391
Thorne+21 4.0000 10.44605 -3.94560 0.04997 0.04481
Thorne+21 4.0000 10.52974 -4.06429 0.05271 0.04700
Thorne+21 4.0000 10.61343 -4.16902 0.05912 0.05203
Thorne+21 4.0000 10.69713 -4.15351 0.06568 0.05704
Thorne+21 4.0000 10.78082 -4.44699 0.08219 0.06908
Thorne+21 4.0000 10.86452 -4.73330 0.13470 0.10266
Thorne+21 4.0000 10.94821 -4.60836 0.09691 0.07918
Thorne+21 4.0000 11.03190 -4.70527 0.12494 0.09691
Thorne+21 4.0000 11.11560 -4.90939 0.15490 0.11394
Thorne+21 4.0000 11.19929 -5.06429 0.24304 0.15490
Thorne+21 4.0000 11.28298 -5.13124 0.17609 0.12494
Thorne+21 4.0000 11.36668 -4.83021 0.12494 0.09691
Thorne+21 4.0000 11.45037 -5.13124 0.17609 0.12494
Thorne+21 4.0000 11.53406 -5.90939 1.30103 0.30103
Thorne+21 4.0000 11.61776 -5.90939 1.30103 0.30103
Thorne+21 4.0000 11.70145 -5.90939 1.30103 0.30103
Thorne+21 4.0000 11.86884 -5.90939 1.30103 0.30103
Thorne+21 4.0000 12.11992 -5.90939 1.30103 0.30103
Santini+12 0.8000 7.99481 -1.35530 0.15497 0.15364
Santini+12 0.8000 8.19481 -1.50365 0.07301 0.07274
Santini+12 0.8000 8.39481 -1.78527 0.06350 0.06325
Santini+12 0.8000 8.59481 -1.85827 0.06300 0.06274
Santini+12 0.8000 8.79481 -1.85304 0.06394 0.06369
Santini+12 0.8000 8.99481 -1.98622 0.07505 0.07466
Santini+12 0.8000 9.19481 -2.14335 0.08985 0.08915
Santini+12 0.8000 9.39481 -2.20293 0.09310 0.09221
Santini+12 0.8000 9.59481 -2.30305 0.10338 0.10208
Santini+12 0.8000 9.79481 -2.37268 0.11572 0.11410
Santini+12 0.8000 9.99481 -2.37268 0.12217 0.12064
Santini+12 0.8000 10.19481 -2.55832 0.14650 0.14336
Santini+12 0.8000 10.39481 -2.58828 0.14593 0.14229
Santini+12 0.8000 10.59481 -2.58828 0.15104 0.14753
Santini+12 0.8000 10.79481 -2.62047 0.14874 0.14456
Santini+12 0.8000 10.99481 -3.25729 0.40440 0.36882
Santini+12 0.8000 11.19481 -3.13235 0.30329 0.27776
Santini+12 0.8000 11.39481 -3.43338 0.55747 0.49439
Santini+12 0.8000 11.59481 -3.73441 1.92020 1.83648
Santini+12 1.2000 8.61959 -1.50193 0.10342 0.10270
Santini+12 1.2000 8.81959 -1.95296 0.07893 0.07851
Santini+12 1.2000 9.01959 -2.10929 0.07333 0.07291
Santini+12 1.2000 9.21959 -2.23124 0.08026 0.07970
Santini+12 1.2000 9.41959 -2.35093 0.09064 0.08978
Santini+12 1.2000 9.61959 -2.33869 0.09251 0.09171
Santini+12 1.2000 9.81959 -2.49705 0.11133 0.10992
Santini+12 1.2000 10.01959 -2.61624 0.13255 0.13044
Santini+12 1.2000 10.21959 -2.57278 0.12252 0.12067
Santini+12 1.2000 10.41959 -2.71890 0.14366 0.14046
Santini+12 1.2000 10.61959 -2.94075 0.19394 0.18697
Santini+12 1.2000 10.81959 -2.78105 0.15139 0.14729
Santini+12 1.2000 11.01959 -2.99190 0.19503 0.18610
Santini+12 1.2000 11.21959 -3.41787 0.36220 0.32199
Santini+12 1.2000 11.41959 -3.89499 1.91784 1.83401
Santini+12 1.6000 8.97893 -1.62406 0.10498 0.10438
Santini+12 1.6000 9.17893 -2.13999 0.07899 0.07851
Santini+12 1.6000 9.37893 -2.38114 0.08579 0.08502
Santini+12 1.6000 9.57893 -2.55163 0.10732 0.10596
Santini+12 1.6000 9.77893 -2.62418 0.11858 0.11684
Santini+12 1.6000 9.97893 -2.76248 0.14320 0.14041
Santini+12 1.6000 10.17893 -2.66557 0.13095 0.12904
Santini+12 1.6000 10.37893 -2.68785 0.13184 0.12972
Santini+12 1.6000 10.57893 -3.12150 0.22350 0.21317
Santini+12 1.6000 10.77893 -2.92521 0.16823 0.16298
Santini+12 1.6000 10.97893 -3.06351 0.19703 0.18820
Santini+12 1.6000 11.17893 -3.66557 0.47344 0.39724
Santini+12 1.6000 11.37893 -3.96660 1.41208 1.29595
Santini+12 2.1500 9.26909 -1.65969 0.08284 0.08248
Santini+12 2.1500 9.46909 -1.87430 0.05416 0.05403
Santini+12 2.1500 9.66909 -2.34456 0.06295 0.06269
Santini+12 2.1500 9.86909 -2.51115 0.07610 0.07568
Santini+12 2.1500 10.06909 -2.76642 0.10103 0.09996
Santini+12 2.1500 10.26909 -2.75218 0.10419 0.10322
Santini+12 2.1500 10.46909 -2.94251 0.12754 0.12557
Santini+12 2.1500 10.66909 -2.96479 0.13315 0.13105
Santini+12 2.1500 10.86909 -3.03942 0.14729 0.14457
Santini+12 2.1500 11.06909 -3.34045 0.20613 0.19771
Santini+12 2.1500 11.26909 -3.94251 0.49719 0.42527
Santini+12 3.0000 9.64312 -2.52209 0.13000 0.12842
Santini+12 3.0000 9.84312 -2.51801 0.07000 0.06969
Santini+12 3.0000 10.04312 -2.75120 0.08703 0.08647
Santini+12 3.0000 10.24312 -3.09362 0.12811 0.12615
Santini+12 3.0000 10.44312 -3.35326 0.17690 0.17192
Santini+12 3.0000 10.64312 -3.39465 0.18805 0.18231
Santini+12 3.0000 10.84312 -3.61650 0.25644 0.24395
Santini+12 3.0000 11.04312 -4.09362 0.49149 0.41858
Santini+12 3.0000 11.24312 -4.39465 1.14814 1.00186
Santini+12 4.0000 9.98287 -2.75337 0.16869 0.16632
Santini+12 4.0000 10.18287 -3.13247 0.14203 0.13920
Santini+12 4.0000 10.38287 -3.45580 0.20941 0.20113
Santini+12 4.0000 10.58287 -3.88177 0.39530 0.35882
Santini+12 4.0000 10.78287 -4.05786 0.49617 0.42407
Santini+12 4.0000 10.98287 -3.88177 0.39825 0.36207
Santini+12 4.0000 11.18287 -4.05786 0.57985 0.51949
Santini+12 4.0000 11.58287 -4.35889 1.71421 1.61989
Wright+18 0.5000 8.37500 -1.80632 0.01037 0.01013
Wright+18 0.5000 8.62500 -1.87338 0.01121 0.01093
Wright+18 0.5000 8.87500 -1.97820 0.01267 0.01231
Wright+18 0.5000 9.12500 -2.11663 0.01490 0.01441
Wright+18 0.5000 9.37500 -2.21552 0.01673 0.01611
Wright+18 0.5000 9.62500 -2.33799 0.01932 0.01850
Wright+18 0.5000 9.87500 -2.42213 0.02134 0.02034
Wright+18 0.5000 10.12500 -2.53042 0.02425 0.02297
Wright+18 0.5000 10.37500 -2.58641 0.02592 0.02446
Wright+18 0.5000 10.62500 -2.61814 0.02691 0.02534
Wright+18 0.5000 10.87500 -2.90226 0.03779 0.03476
Wright+18 0.5000 11.12500 -3.28247 0.06003 0.05273
Wright+18 0.5000 11.37500 -3.83017 0.12064 0.09431
Wright+18 0.5000 11.62500 -4.75959 0.53329 0.23226
Wright+18 0.5000 7.87500 -1.62145 0.01630 0.01571
Wright+18 0.5000 8.12500 -1.62204 0.01631 0.01572
Wright+18 0.5000 8.37500 -1.72925 0.01850 0.01774
Wright+18 0.5000 8.62500 -1.87297 0.02191 0.02086
Wright+18 0.5000 8.87500 -1.92902 0.02341 0.02222
Wright+18 0.5000 9.12500 -2.07228 0.02775 0.02608
Wright+18 0.5000 9.37500 -2.19667 0.03218 0.02996
Wright+18 0.5000 9.62500 -2.18789 0.03185 0.02967
Wright+18 0.5000 9.87500 -2.23607 0.03374 0.03130
Wright+18 0.5000 10.12500 -2.31574 0.03712 0.03420
Wright+18 0.5000 10.37500 -2.48892 0.04576 0.04139
Wright+18 0.5000 10.62500 -2.82616 0.06928 0.05973
Wright+18 0.5000 10.87500 -3.09098 0.09691 0.07918
Wright+18 0.5000 11.12500 -3.88686 0.30103 0.17609
Wright+18 0.5000 11.37500 -4.01180 0.37402 0.19793
Wright+18 1.0000 9.12500 -2.36501 0.00938 0.00918
Wright+18 1.0000 9.37500 -2.41123 0.00990 0.00968
Wright+18 1.0000 9.62500 -2.51521 0.01118 0.01090
Wright+18 1.0000 9.87500 -2.58666 0.01215 0.01182
Wright+18 1.0000 10.12500 -2.66903 0.01338 0.01298
Wright+18 1.0000 10.37500 -2.67023 0.01340 0.01299
Wright+18 1.0000 10.62500 -2.71804 0.01417 0.01372
Wright+18 1.0000 10.87500 -2.84853 0.01651 0.01590
Wright+18 1.0000 11.12500 -3.23691 0.02610 0.02462
Wright+18 1.0000 11.37500 -3.97286 0.06353 0.05541
Wright+18 1.0000 11.62500 -4.92711 0.22786 0.14868
Wright+18 1.0000 11.87500 -5.70526 9.00000 0.30103
Wright+18 1.0000 8.62500 -2.04295 0.01255 0.01220
Wright+18 1.0000 8.87500 -2.02567 0.01230 0.01196
Wright+18 1.0000 9.12500 -2.07818 0.01308 0.01270
Wright+18 1.0000 9.37500 -2.18514 0.01482 0.01433
Wright+18 1.0000 9.62500 -2.35252 0.01804 0.01732
Wright+18 1.0000 9.87500 -2.45870 0.02044 0.01952
Wright+18 1.0000 10.12500 -2.53586 0.02239 0.02129
Wright+18 1.0000 10.37500 -2.75698 0.02910 0.02728
Wright+18 1.0000 10.62500 -2.83036 0.03177 0.02960
Wright+18 1.0000 10.87500 -3.08823 0.04331 0.03938
Wright+18 1.0000 11.12500 -3.23593 0.05184 0.04630
Wright+18 1.0000 11.37500 -3.77183 0.10156 0.08225
Wright+18 2.0000 9.37500 -2.48943 0.01267 0.01231
Wright+18 2.0000 9.62500 -2.51190 0.01301 0.01263
Wright+18 2.0000 9.87500 -2.67130 0.01567 0.01513
Wright+18 2.0000 10.12500 -2.75664 0.01732 0.01666
Wright+18 2.0000 10.37500 -2.95732 0.02194 0.02089
Wright+18 2.0000 10.62500 -3.09654 0.02587 0.02442
Wright+18 2.0000 10.87500 -3.35211 0.03509 0.03246
Wright+18 2.0000 11.12500 -3.65314 0.05049 0.04523
Wright+18 2.0000 11.37500 -4.08085 0.08598 0.07174
Wright+18 3.0000 9.62500 -2.75945 0.01367 0.01326
Wright+18 3.0000 9.87500 -2.76830 0.01382 0.01339
Wright+18 3.0000 10.12500 -2.91002 0.01631 0.01572
Wright+18 3.0000 10.37500 -3.13147 0.02116 0.02018
Wright+18 3.0000 10.62500 -3.32358 0.02657 0.02503
Wright+18 3.0000 10.87500 -3.67999 0.04069 0.03720
Wright+18 3.0000 11.12500 -3.98451 0.05899 0.05192
Wright+18 3.0000 11.37500 -4.27175 0.08448 0.07069
Wright+18 4.0000 9.62500 -3.25375 0.02930 0.02744
Wright+18 4.0000 9.87500 -3.30054 0.03098 0.02891
Wright+18 4.0000 10.12500 -3.46948 0.03793 0.03488
Wright+18 4.0000 10.37500 -3.75559 0.05367 0.04776
Wright+18 4.0000 10.62500 -3.91725 0.06552 0.05692
Wright+18 4.0000 10.87500 -4.26309 0.10156 0.08225
Wright+18 4.0000 11.12500 -4.51088 0.14107 0.10631
Wright+18 4.0000 11.37500 -4.77972 0.20618 0.13924
COSMOS-Web 0.3500 7.50301 -1.06413 0.07953 0.06719
COSMOS-Web 0.3500 7.75301 -1.26828 0.08244 0.06926
COSMOS-Web 0.3500 8.00301 -1.40735 0.08558 0.07146
COSMOS-Web 0.3500 8.25301 -1.54100 0.08892 0.07377
COSMOS-Web 0.3500 8.50301 -1.61233 0.09232 0.07609
COSMOS-Web 0.3500 8.75301 -1.74227 0.09603 0.07859
COSMOS-Web 0.3500 9.00301 -1.85674 0.09989 0.08116
COSMOS-Web 0.3500 9.25301 -1.97106 0.10402 0.08385
COSMOS-Web 0.3500 9.50301 -2.12837 0.10866 0.08684
COSMOS-Web 0.3500 9.75301 -2.21171 0.11318 0.08970
COSMOS-Web 0.3500 10.00301 -2.29677 0.11801 0.09270
COSMOS-Web 0.3500 10.25301 -2.36098 0.12288 0.09567
COSMOS-Web 0.3500 10.50301 -2.37141 0.12744 0.09840
COSMOS-Web 0.3500 10.75301 -2.54300 0.13402 0.10227
COSMOS-Web 0.3500 11.00301 -2.82648 0.14414 0.10803
COSMOS-Web 0.3500 11.25301 -3.38364 0.17579 0.12479
COSMOS-Web 0.3500 11.50301 -3.98570 0.27916 0.16855
COSMOS-Web 0.6500 7.62765 -1.01787 0.07985 0.06742
COSMOS-Web 0.6500 7.87765 -1.30321 0.08273 0.06946
COSMOS-Web 0.6500 8.12765 -1.48147 0.08588 0.07167
COSMOS-Web 0.6500 8.37765 -1.63116 0.08919 0.07396
COSMOS-Web 0.6500 8.62765 -1.75000 0.09265 0.07632
COSMOS-Web 0.6500 8.87765 -1.85928 0.09627 0.07875
COSMOS-Web 0.6500 9.12765 -1.98294 0.10010 0.08129
COSMOS-Web 0.6500 9.37765 -2.08546 0.10410 0.08391
COSMOS-Web 0.6500 9.62765 -2.21770 0.10840 0.08668
COSMOS-Web 0.6500 9.87765 -2.31090 0.11283 0.08948
COSMOS-Web 0.6500 10.12765 -2.40537 0.11749 0.09238
COSMOS-Web 0.6500 10.37765 -2.46783 0.12224 0.09528
COSMOS-Web 0.6500 10.62765 -2.59277 0.12761 0.09850
COSMOS-Web 0.6500 10.87765 -2.83815 0.13455 0.10258
COSMOS-Web 0.6500 11.12765 -3.20430 0.14567 0.10889
COSMOS-Web 0.6500 11.37765 -3.76574 0.17731 0.12555
COSMOS-Web 0.6500 11.62765 -4.91187 0.90181 0.27292
COSMOS-Web 0.9500 7.73219 -1.38562 0.08020 0.06767
COSMOS-Web 0.9500 7.98219 -1.56244 0.08319 0.06979
COSMOS-Web 0.9500 8.23219 -1.64339 0.08636 0.07200
COSMOS-Web 0.9500 8.48219 -1.70633 0.08968 0.07429
COSMOS-Web 0.9500 8.73219 -1.75561 0.09313 0.07664
COSMOS-Web 0.9500 8.98219 -1.85837 0.09677 0.07909
COSMOS-Web 0.9500 9.23219 -1.94000 0.10057 0.08160
COSMOS-Web 0.9500 9.48219 -2.03956 0.10458 0.08422
COSMOS-Web 0.9500 9.73219 -2.16355 0.10883 0.08695
COSMOS-Web 0.9500 9.98219 -2.25044 0.11322 0.08973
COSMOS-Web 0.9500 10.23219 -2.36361 0.11790 0.09263
COSMOS-Web 0.9500 10.48219 -2.43885 0.12272 0.09557
COSMOS-Web 0.9500 10.73219 -2.58546 0.12804 0.09876
COSMOS-Web 0.9500 10.98219 -2.91358 0.13503 0.10286
COSMOS-Web 0.9500 11.23219 -3.48653 0.14997 0.11126
COSMOS-Web 0.9500 11.48219 -4.05260 0.18847 0.13100
COSMOS-Web 1.3000 7.86187 -1.61017 0.08099 0.06824
COSMOS-Web 1.3000 8.11187 -1.77872 0.08408 0.07041
COSMOS-Web 1.3000 8.36187 -1.90304 0.08736 0.07269
COSMOS-Web 1.3000 8.61187 -1.98077 0.09076 0.07503
COSMOS-Web 1.3000 8.86187 -2.05343 0.09433 0.07745
COSMOS-Web 1.3000 9.11187 -2.15496 0.09809 0.07997
COSMOS-Web 1.3000 9.36187 -2.25935 0.10205 0.08257
COSMOS-Web 1.3000 9.61187 -2.38711 0.10625 0.08530
COSMOS-Web 1.3000 9.86187 -2.50931 0.11068 0.08812
COSMOS-Web 1.3000 10.11187 -2.62131 0.11534 0.09105
COSMOS-Web 1.3000 10.36187 -2.73482 0.12025 0.09407
COSMOS-Web 1.3000 10.61187 -2.79059 0.12519 0.09706
COSMOS-Web 1.3000 10.86187 -2.90759 0.13067 0.10031
COSMOS-Web 1.3000 11.11187 -3.25770 0.13854 0.10487
COSMOS-Web 1.3000 11.36187 -4.09544 0.17016 0.12194
COSMOS-Web 1.3000 11.61187 -5.32589 0.81103 0.26611
COSMOS-Web 1.3000 11.86187 -5.62692 0.00000 0.38817
COSMOS-Web 1.7500 8.01105 -1.60278 0.08211 0.06903
COSMOS-Web 1.7500 8.26105 -1.73614 0.08533 0.07129
COSMOS-Web 1.7500 8.51105 -1.87111 0.08873 0.07364
COSMOS-Web 1.7500 8.76105 -1.99968 0.09229 0.07607
COSMOS-Web 1.7500 9.01105 -2.12275 0.09601 0.07858
COSMOS-Web 1.7500 9.26105 -2.23487 0.09993 0.08118
COSMOS-Web 1.7500 9.51105 -2.36853 0.10406 0.08388
COSMOS-Web 1.7500 9.76105 -2.50248 0.10843 0.08670
COSMOS-Web 1.7500 10.01105 -2.66413 0.11309 0.08964
COSMOS-Web 1.7500 10.26105 -2.80239 0.11802 0.09271
COSMOS-Web 1.7500 10.51105 -2.88894 0.12307 0.09578
COSMOS-Web 1.7500 10.76105 -2.96911 0.12835 0.09895
COSMOS-Web 1.7500 11.01105 -3.27414 0.13534 0.10303
COSMOS-Web 1.7500 11.26105 -3.85660 0.15045 0.11153
COSMOS-Web 1.7500 11.51105 -4.63989 0.21496 0.14314
COSMOS-Web 2.2500 8.21306 -1.88325 0.08475 0.07088
COSMOS-Web 2.2500 8.46306 -1.98383 0.08815 0.07324
COSMOS-Web 2.2500 8.71306 -2.11054 0.09175 0.07571
COSMOS-Web 2.2500 8.96306 -2.23610 0.09554 0.07826
COSMOS-Web 2.2500 9.21306 -2.37171 0.09955 0.08093
COSMOS-Web 2.2500 9.46306 -2.50274 0.10379 0.08371
COSMOS-Web 2.2500 9.71306 -2.62146 0.10826 0.08659
COSMOS-Web 2.2500 9.96306 -2.76958 0.11306 0.08963
COSMOS-Web 2.2500 10.21306 -2.89202 0.11816 0.09279
COSMOS-Web 2.2500 10.46306 -3.04557 0.12368 0.09615
COSMOS-Web 2.2500 10.71306 -3.19728 0.12969 0.09974
COSMOS-Web 2.2500 10.96306 -3.45489 0.13728 0.10415
COSMOS-Web 2.2500 11.21306 -3.85476 0.15050 0.11156
COSMOS-Web 2.2500 11.46306 -4.60488 0.20841 0.14024
COSMOS-Web 2.2500 11.71306 -5.80900 0.00000 0.31919
COSMOS-Web 2.7500 8.34868 -2.11024 0.08741 0.07273
COSMOS-Web 2.7500 8.59868 -2.19154 0.09095 0.07516
COSMOS-Web 2.7500 8.84868 -2.32993 0.09481 0.07778
COSMOS-Web 2.7500 9.09868 -2.47201 0.09889 0.08050
COSMOS-Web 2.7500 9.34868 -2.62396 0.10326 0.08337
COSMOS-Web 2.7500 9.59868 -2.74712 0.10783 0.08631
COSMOS-Web 2.7500 9.84868 -2.85496 0.11270 0.08940
COSMOS-Web 2.7500 10.09868 -3.04707 0.11832 0.09289
COSMOS-Web 2.7500 10.34868 -3.15795 0.12421 0.09647
COSMOS-Web 2.7500 10.59868 -3.42444 0.13154 0.10082
COSMOS-Web 2.7500 10.84868 -3.58815 0.13902 0.10514
COSMOS-Web 2.7500 11.09868 -3.91617 0.15371 0.11330
COSMOS-Web 2.7500 11.34868 -4.60414 0.43317 0.21250
COSMOS-Web 3.2500 8.44235 -2.25063 0.09036 0.07476
COSMOS-Web 3.2500 8.69235 -2.32898 0.09411 0.07730
COSMOS-Web 3.2500 8.94235 -2.47859 0.09823 0.08006
COSMOS-Web 3.2500 9.19235 -2.63562 0.10265 0.08296
COSMOS-Web 3.2500 9.44235 -2.81416 0.10746 0.08607
COSMOS-Web 3.2500 9.69235 -2.92994 0.11245 0.08924
COSMOS-Web 3.2500 9.94235 -3.04671 0.11788 0.09262
COSMOS-Web 3.2500 10.19235 -3.19146 0.12395 0.09631
COSMOS-Web 3.2500 10.44235 -3.29055 0.13020 0.10003
COSMOS-Web 3.2500 10.69235 -3.51240 0.13877 0.10500
COSMOS-Web 3.2500 10.94235 -3.63433 0.14720 0.10974
COSMOS-Web 3.2500 11.19235 -4.03983 0.16803 0.12085
COSMOS-Web 3.2500 11.44235 -4.59158 0.23646 0.15224
COSMOS-Web 3.2500 11.69235 -5.49467 0.00000 0.86292
COSMOS-Web 4.0000 8.57049 -2.39723 0.09587 0.07849
COSMOS-Web 4.0000 8.82049 -2.53229 0.10012 0.08131
COSMOS-Web 4.0000 9.07049 -2.71361 0.10470 0.08429
COSMOS-Web 4.0000 9.32049 -2.90843 0.10963 0.08746
COSMOS-Web 4.0000 9.57049 -3.08924 0.11495 0.09080
COSMOS-Web 4.0000 9.82049 -3.22639 0.12059 0.09428
COSMOS-Web 4.0000 10.07049 -3.39140 0.12687 0.09807
COSMOS-Web 4.0000 10.32049 -3.52314 0.13410 0.10231
COSMOS-Web 4.0000 10.57049 -3.78619 0.14388 0.10789
COSMOS-Web 4.0000 10.82049 -4.01415 0.15763 0.11541
COSMOS-Web 4.0000 11.07049 -4.45444 0.21079 0.14130
COSMOS-Web 4.0000 11.32049 -4.81196 0.62743 0.24654
COSMOS-Web 4.0000 11.57049 -6.06723 0.00000 0.77441
COSMOS-Web 5.0000 8.62362 -2.61493 0.10576 0.08498
COSMOS-Web 5.0000 8.87362 -2.79123 0.11067 0.08812
COSMOS-Web 5.0000 9.12362 -2.93227 0.11606 0.09149
COSMOS-Web 5.0000 9.37362 -3.15926 0.12221 0.09526
COSMOS-Web 5.0000 9.62362 -3.38989 0.12915 0.09942
COSMOS-Web 5.0000 9.87362 -3.69827 0.13816 0.10465
COSMOS-Web 5.0000 10.12362 -4.02939 0.15129 0.11199
COSMOS-Web 5.0000 10.37362 -4.28028 0.16878 0.12124
COSMOS-Web 5.0000 10.62362 -4.34859 0.18513 0.12939
COSMOS-Web 5.0000 10.87362 -4.60575 0.22828 0.14886
COSMOS-Web 5.0000 11.12362 -5.11765 0.33962 0.18823
COSMOS-Web 5.0000 11.37362 -5.54363 0.54103 0.23358
COSMOS-Web 5.0000 11.62362 -5.71972 0.79785 0.26499
COSMOS-Web 5.0000 11.87362 -6.02075 0.00000 0.33492
COSMOS-Web 6.0000 8.70510 -3.14915 0.12307 0.09578
COSMOS-Web 6.0000 8.95510 -3.20791 0.12893 0.09929
COSMOS-Web 6.0000 9.20510 -3.42915 0.13662 0.10377
COSMOS-Web 6.0000 9.45510 -3.62105 0.14541 0.10875
COSMOS-Web 6.0000 9.70510 -3.93848 0.15827 0.11575
COSMOS-Web 6.0000 9.95510 -4.27314 0.17981 0.12679
COSMOS-Web 6.0000 10.20510 -4.62982 0.21971 0.14521
COSMOS-Web 6.0000 10.45510 -5.12685 0.34351 0.18938
COSMOS-Web 6.0000 10.70510 -4.89310 0.34955 0.19113
COSMOS-Web 6.0000 10.95510 -5.27336 0.49671 0.22566
COSMOS-Web 6.0000 11.20510 -5.37028 0.89158 0.27222
COSMOS-Web 7.0000 8.81213 -3.24728 0.14662 0.10942
COSMOS-Web 7.0000 9.06213 -3.53477 0.15663 0.11487
COSMOS-Web 7.0000 9.31213 -3.65828 0.16646 0.12004
COSMOS-Web 7.0000 9.56213 -4.01390 0.18338 0.12854
COSMOS-Web 7.0000 9.81213 -4.27029 0.20987 0.14089
COSMOS-Web 7.0000 10.06213 -4.66868 0.27912 0.16853
COSMOS-Web 7.0000 10.31213 -5.14615 0.42753 0.21121
COSMOS-Web 7.0000 10.56213 -5.44751 0.67690 0.25275
COSMOS-Web 7.0000 10.81213 -5.44781 0.87248 0.27088
COSMOS-Web 7.0000 11.06213 -5.22595 0.56498 0.23747
COSMOS-Web 7.0000 11.31213 -5.92497 0.00000 0.35728
COSMOS-Web 7.0000 11.56213 -5.62394 0.00000 0.33734
COSMOS-Web 7.0000 11.81213 -5.92496 0.00000 0.42030
COSMOS-Web 8.0000 8.83213 -3.38903 0.17481 0.12430
COSMOS-Web 8.0000 9.08213 -3.58085 0.18622 0.12991
COSMOS-Web 8.0000 9.33213 -3.76013 0.19967 0.13627
COSMOS-Web 8.0000 9.58213 -4.11344 0.22041 0.14551
COSMOS-Web 8.0000 9.83213 -4.44755 0.25258 0.15866
COSMOS-Web 8.0000 10.08213 -5.10101 0.38601 0.20109
COSMOS-Web 8.0000 10.33213 -5.57859 0.81646 0.26656
COSMOS-Web 8.0000 10.58213 -5.57858 0.92822 0.27463
COSMOS-Web 8.0000 10.83213 -5.57859 1.08126 0.28264
COSMOS-Web 8.0000 11.33213 -5.87955 0.00000 0.34990
COSMOS-Web 9.2500 8.88705 -3.94476 0.23088 0.14994
COSMOS-Web 9.2500 9.13705 -4.38601 0.25877 0.16104
COSMOS-Web 9.2500 9.38705 -4.58365 0.28666 0.17119
COSMOS-Web 9.2500 9.63705 -4.67977 0.31302 0.18002
COSMOS-Web 9.2500 9.88705 -5.00254 0.38233 0.20013
COSMOS-Web 9.2500 10.13705 -5.40055 0.57868 0.23959
COSMOS-Web 9.2500 10.38705 -5.52527 0.90094 0.27286
COSMOS-Web 9.2500 10.63705 -6.00265 0.00000 0.36759
COSMOS-Web 11.0000 8.90436 -4.82372 0.38951 0.20199
COSMOS-Web 11.0000 9.20436 -5.42901 0.54098 0.23357
COSMOS-Web 11.0000 9.50436 -5.43477 0.59511 0.24204
COSMOS-Web 11.0000 9.80436 -6.13699 0.00000 0.34215
Harvey+24 7.0000 8.12500 -2.34291 0.10248 0.08594
Harvey+24 7.0000 8.87500 -3.13566 0.10326 0.09183
Harvey+24 7.0000 9.62500 -3.88105 0.16782 0.14908
Harvey+24 7.0000 10.37500 -4.38324 0.35410 0.24495
Harvey+24 7.0000 11.12500 -5.45202 0.00000 0.55910
Harvey+24 8.0000 8.12500 -2.81940 0.10725 0.09091
Harvey+24 8.0000 8.87500 -3.64735 0.12305 0.11600
Harvey+24 8.0000 9.62500 -4.58565 0.22997 0.23053
Harvey+24 9.0000 8.12500 -3.15304 0.13461 0.11167
Harvey+24 9.0000 8.87500 -4.19904 0.20507 0.20322
Harvey+24 9.0000 9.62500 -5.33128 0.00000 0.70624
Harvey+24 10.5000 8.12500 -3.40426 0.11273 0.09767
Harvey+24 10.5000 8.87500 -4.24478 0.15687 0.15196
Harvey+24 10.5000 9.62500 -5.57696 0.00000 0.67614
Harvey+24 12.5000 8.12500 -4.18416 0.31737 0.32305
Harvey+24 12.5000 8.87500 -4.81523 0.43429 0.40028
Stefanon+21 6.0000 7.80000 -1.64782 0.07802 0.07433
Stefanon+21 6.0000 8.20000 -1.79860 0.06152 0.05867
Stefanon+21 6.0000 8.60000 -2.36754 0.06426 0.05951
Stefanon+21 6.0000 9.00000 -2.59688 0.06466 0.06077
Stefanon+21 6.0000 9.40000 -3.10513 0.08531 0.07594
Stefanon+21 6.0000 9.80000 -3.30715 0.12230 0.10580
Stefanon+21 6.0000 10.20000 -3.99568 0.18478 0.15404
Stefanon+21 6.0000 10.60000 -5.22113 0.85460 0.51823
Stefanon+21 7.0000 7.75000 -2.14448 0.12798 0.12403
Stefanon+21 7.0000 8.25000 -2.40450 0.07567 0.07008
Stefanon+21 7.0000 8.70000 -2.87943 0.08715 0.08082
Stefanon+21 7.0000 9.10000 -3.11351 0.09340 0.08525
Stefanon+21 7.0000 9.50000 -3.49757 0.12222 0.10610
Stefanon+21 7.0000 9.90000 -3.77469 0.16461 0.13830
Stefanon+21 7.0000 10.30000 -4.98297 0.87091 0.51953
Stefanon+21 8.0000 7.90000 -2.37779 0.18446 0.17367
Stefanon+21 8.0000 8.40000 -3.05012 0.11546 0.10703
Stefanon+21 8.0000 8.90000 -3.44855 0.13481 0.12524
Stefanon+21 8.0000 9.35000 -3.95468 0.20647 0.17999
Stefanon+21 8.0000 9.75000 -4.22841 0.25439 0.21159
Stefanon+21 8.0000 10.15000 -5.14813 0.87874 0.51883
Stefanon+21 9.0000 7.50000 -2.53611 0.28205 0.25294
Stefanon+21 9.0000 8.25000 -3.43533 0.29515 0.25488
Stefanon+21 9.0000 8.75000 -4.13194 0.18501 0.16777
Stefanon+21 9.0000 9.50000 -5.11691 0.49040 0.36733
Stefanon+21 10.0000 7.65000 -2.92082 0.45593 0.36486
Stefanon+21 10.0000 8.25000 -4.57840 0.34972 0.29607
Stefanon+21 10.0000 8.75000 -5.05948 0.78518 0.51721
Navarro-Carrera+23 6.0000 8.12500 -1.91721 0.25028 0.15776
Navarro-Carrera+23 6.0000 8.37500 -1.89620 0.24647 0.15627
Navarro-Carrera+23 6.0000 8.62500 -2.06048 0.23195 0.15039
Navarro-Carrera+23 6.0000 8.87500 -2.18709 0.29440 0.17386
Navarro-Carrera+23 6.0000 9.12500 -2.60206 0.39794 0.20412
Navarro-Carrera+23 6.0000 9.37500 -2.69897 0.39794 0.20412
Navarro-Carrera+23 6.0000 9.62500 -3.00000 0.69897 0.25527
Navarro-Carrera+23 7.0000 8.37500 -2.53760 0.50816 0.22780
Navarro-Carrera+23 7.0000 8.62500 -2.74473 0.41017 0.20713
Navarro-Carrera+23 7.0000 8.87500 -2.65758 0.56427 0.23736
Navarro-Carrera+23 7.0000 9.12500 -3.15490 0.00000 0.30103
Navarro-Carrera+23 7.0000 9.37500 -3.04576 0.95424 0.27621
Navarro-Carrera+23 7.0000 9.62500 -3.09691 0.00000 0.30103
Navarro-Carrera+23 8.0000 8.25000 -2.95861 0.56427 0.23736
Navarro-Carrera+23 8.0000 8.75000 -3.39794 0.60206 0.24304
Navarro-Carrera+23 8.0000 9.25000 -4.00000 0.00000 0.30103
Weibel+24 6.0000 8.25000 -2.24000 0.17000 0.12000
Weibel+24 6.0000 8.75000 -2.65000 0.11000 0.09000
Weibel+24 6.0000 9.25000 -3.26000 0.15000 0.11000
Weibel+24 6.0000 9.75000 -3.85000 0.21000 0.15000
Weibel+24 6.0000 10.25000 -4.44000 0.35000 0.20000
Weibel+24 6.0000 10.75000 -5.26000 0.00000 0.35000
Weibel+24 6.0000 11.25000 -5.38000 0.00000 0.42000
Weibel+24 6.0000 11.75000 -5.82000 0.00000 0.56000
Weibel+24 7.0000 8.25000 -2.40000 0.24000 0.15000
Weibel+24 7.0000 8.75000 -2.70000 0.20000 0.14000
Weibel+24 7.0000 9.25000 -3.35000 0.21000 0.14000
Weibel+24 7.0000 9.75000 -3.96000 0.33000 0.19000
Weibel+24 7.0000 10.25000 -4.35000 0.58000 0.25000
Weibel+24 7.0000 10.75000 -4.78000 0.00000 0.38000
Weibel+24 7.0000 11.25000 -5.38000 0.00000 0.43000
Weibel+24 7.0000 11.75000 -5.69000 0.00000 0.55000
Weibel+24 8.0000 8.75000 -3.00000 0.28000 0.18000
Weibel+24 8.0000 9.25000 -3.64000 0.33000 0.19000
Weibel+24 8.0000 9.75000 -4.09000 0.55000 0.24000
Weibel+24 8.0000 10.25000 -4.33000 1.39000 0.30000
Weibel+24 8.0000 10.75000 -4.78000 0.00000 0.45000
Weibel+24 8.0000 11.25000 -5.54000 0.00000 0.57000
Weibel+24 8.0000 11.75000 -5.66000 0.00000 0.56000
Weibel+24 9.0000 8.75000 -3.39000 0.64000 0.25000
Weibel+24 9.0000 9.25000 -3.81000 0.52000 0.24000
Weibel+24 9.0000 9.75000 -4.35000 1.54000 0.31000
Weibel+24 9.0000 10.25000 -4.79000 0.00000 0.40000
Weibel+24 9.0000 10.75000 -5.27000 0.00000 0.54000
Weibel+24 9.0000 11.25000 -5.61000 0.00000 0.64000
Weibel+24 9.0000 11.75000 -5.61000 0.00000 0.61000
Kikuchihara+20 6.0000 9.80000 -3.89279 0.36685 0.24497
Kikuchihara+20 6.0000 10.87000 -4.85387 0.00000 1.48226
Kikuchihara+20 6.0000 10.49000 -4.20831 0.58218 0.50256
Kikuchihara+20 6.0000 10.72000 -4.86967 0.35218 0.34823
Kikuchihara+20 6.0000 10.29000 -4.24949 0.37030 0.35500
Kikuchihara+20 7.0000 10.51000 -4.44370 1.55630 0.97133
Kikuchihara+20 7.0000 10.69000 -5.24413 0.00000 2.02408
Kikuchihara+20 7.0000 10.78000 -5.27572 0.54818 0.48791
Kikuchihara+20 7.0000 10.25000 -4.54975 0.47712 0.45175
Kikuchihara+20 8.0000 9.67000 -3.87943 1.27548 0.46826
Kikuchihara+20 8.0000 10.72000 -6.45593 0.84510 0.90464
Kikuchihara+20 8.0000 10.48000 -6.05061 0.77330 0.70286
Kikuchihara+20 9.0000 10.11000 -4.39794 0.00000 0.95424
Kikuchihara+20 9.0000 10.45000 -6.22185 0.00000 1.07918
Song+16 4.0000 7.25000 -1.62467 0.16000 0.21000
Song+16 4.0000 7.75000 -1.82467 0.14000 0.15000
Song+16 4.0000 8.25000 -2.05467 0.10000 0.13000
Song+16 4.0000 8.75000 -2.27467 0.09000 0.09000
Song+16 4.0000 9.25000 -2.57467 0.09000 0.09000
Song+16 4.0000 9.75000 -2.96467 0.05000 0.12000
Song+16 4.0000 10.25000 -3.42467 0.12000 0.09000
Song+16 4.0000 10.75000 -4.05467 0.25000 0.20000
Song+16 4.0000 11.25000 -4.59467 0.35000 0.34000
Song+16 5.0000 7.25000 -1.52467 0.21000 0.24000
Song+16 5.0000 7.75000 -1.77467 0.20000 0.20000
Song+16 5.0000 8.25000 -2.06467 0.16000 0.16000
Song+16 5.0000 8.75000 -2.38467 0.10000 0.15000
Song+16 5.0000 9.25000 -2.73467 0.14000 0.07000
Song+16 5.0000 9.75000 -3.17467 0.11000 0.09000
Song+16 5.0000 10.25000 -3.52467 0.14000 0.16000
Song+16 5.0000 10.75000 -4.17467 0.38000 0.25000
Song+16 5.0000 11.25000 -4.93467 0.61000 0.40000
Song+16 6.0000 7.25000 -1.52467 0.32000 0.35000
Song+16 6.0000 7.75000 -1.86467 0.28000 0.23000
Song+16 6.0000 8.25000 -2.31467 0.16000 0.21000
Song+16 6.0000 8.75000 -2.70467 0.15000 0.15000
Song+16 6.0000 9.25000 -3.19467 0.11000 0.12000
Song+16 6.0000 9.75000 -3.74467 0.13000 0.12000
Song+16 6.0000 10.25000 -4.32467 0.96000 0.38000
Song+16 7.0000 7.25000 -1.68467 0.54000 0.54000
Song+16 7.0000 7.75000 -2.12467 0.41000 0.45000
Song+16 7.0000 8.25000 -2.54467 0.32000 0.38000
Song+16 7.0000 8.75000 -3.01467 0.30000 0.32000
Song+16 7.0000 9.25000 -3.52467 0.35000 0.42000
Song+16 7.0000 9.75000 -4.16467 0.57000 0.41000
Song+16 7.0000 10.25000 -4.66467 0.82000 0.72000
Song+16 7.0000 10.75000 -5.29467 0.57000 0.90000
Song+16 8.0000 7.25000 -1.78467 0.84000 1.01000
Song+16 8.0000 7.75000 -2.33467 0.64000 0.84000
Song+16 8.0000 8.25000 -2.93467 0.57000 0.75000
Song+16 8.0000 8.75000 -3.50467 0.60000 0.57000
Song+16 8.0000 9.25000 -4.26467 0.78000 0.63000
Song+16 8.0000 9.75000 -5.36467 1.64000 1.01000
